[
    {
        "id": "7b9ed63e.2138f8",
        "type": "tab",
        "label": "Basic_Flow",
        "disabled": false,
        "info": "# Basic flow to start with STM32CubeMonitor."
    },
    {
        "id": "8381c865.236028",
        "type": "subflow",
        "name": "Single value",
        "info": "The 'single value' subflow allows to extract data from processing node.\r\n\r\n * Filter Data to extract only one variable after the \"processing node\" step .\r\n * Modify the message to fit with standard widgets such as gauges.\r\n * Limit the number of messages to a maximum of 10 msg per second.\r\n\r\n### **Input**\r\n\r\nThe subflow 'single value' takes in input the `msg.payload`\r\nfrom the processing output. All the messages sent by the processing node have the same structure.\r\n\r\n    \"payload\": {\r\n        \"groupname\": \"Snapshot2\",\r\n        \"variabledata\": [\r\n            {\r\n                \"y\": \"9\",\r\n                \"x\": \"1567509421459\"\r\n            },\r\n            {\r\n                \"y\": \"9\",\r\n                \"x\": \"1567509421459\"\r\n            },\r\n            {\r\n                \"y\": \"9\",\r\n                \"x\": \"1567509421459\"\r\n            }\r\n        ],\r\n        \"variablename\": \"int2\"\r\n      }\r\n    }\r\n\r\n### **Filter on selected variable**\r\nSeveral messages are sent by the processing node for each variable, so the first step of this 'single value' subflow is to filter and keep only messages related to the selected variable.\r\nThe 'filter variable' node will only keep messages with the right `variablename` key.\r\n\r\n### **Extract duplets table**\r\n\r\nThe received message is an Object containing {groupname, variabledata[array], variablename}.  \r\nThe array contains two variables :\r\n - `y` the value \r\n - `x` the time\r\n\r\nA single message contains multiple pairs of values extract at a regular time interval.\r\nThe time interval depends on the acquisition frequency.\r\nWith the 'change' node and the `set` property, the `msg.payload` is set to \r\n`msg.payload.variabledata`, only the data variable array is set into msg.payload.\r\n\r\n    \"payload\": {\r\n        \"variabledata\": [\r\n            {\r\n                \"y\": \"9\",\r\n                \"x\": \"1567509421459\"\r\n            },\r\n            {\r\n                \"y\": \"9\",\r\n                \"x\": \"1567509421459\"\r\n            },\r\n            {\r\n                \"y\": \"9\",\r\n                \"x\": \"1567509421459\"\r\n            }\r\n        ]\r\n    }\r\n\r\n### **Split duplets table**\r\n\r\nThe data variable array is split with a length of one in smaller objects by the 'split' node.\r\nEach new object contains two subvariables : `y` and `x`.\r\n\r\n    \"payload\": {\r\n        \"y\": \"9\",\r\n        \"x\": \"1567509421459\"\r\n    }\r\n\r\n\r\n### **Limit the number of messages**\r\n\r\nThe 'delay' node allows to limit the maximum number of message per second.\r\nIn the 'single value' subflow, one message is extracted per second.\r\n\r\n>_Be careful, a dashboard saturation risk exists if too many messages are received per second._\r\n\r\n### **Extract only y values**\r\n\r\nThe `msg.payload` is set to `msg.payload.y` with the `set` property. \r\nOnly `y` variable is set into msg.payload as single value.\r\n\r\n    \"payload\": { \r\n        \"y\": \"9\" \r\n    }\r\n\r\n### **Output** \r\n\r\nSome widgets such as the gauge and the text node are using the `msg.payload` property.  \r\nThe output node is linked to a gauge that allows to see the evolution \r\nof the `y` variable as a function of time.\r\n\r\n\r\n![subflow_gauge](images/subflow_gauge.png)\r\n\r\n### **Details**\r\n\r\nNote : The debug node allows to see clearly and easily the \r\nmessage at the node output.  \r\n\r\n\r\n> More details on : [Node-Red](https://nodered.org/docs/user-guide/editor/workspace/subflows)\r\n\r\n\r\n-------\r\n\r\n",
        "category": "",
        "in": [
            {
                "x": 40,
                "y": 60,
                "wires": [
                    {
                        "id": "3c5ffe0d.9063b2"
                    }
                ]
            }
        ],
        "out": [
            {
                "x": 780,
                "y": 140,
                "wires": [
                    {
                        "id": "66397fd3.d8111",
                        "port": 0
                    }
                ]
            }
        ],
        "env": [
            {
                "name": "varfilter",
                "type": "str",
                "value": "",
                "ui": {
                    "icon": "font-awesome/fa-filter",
                    "label": {
                        "en-US": "Variable"
                    },
                    "type": "input",
                    "opts": {
                        "types": [
                            "str"
                        ]
                    }
                }
            }
        ],
        "color": "#3CB4E6"
    },
    {
        "id": "f9c34dde.1e2f4",
        "type": "ui_group",
        "name": "Chart",
        "tab": "17d09b07.741a55",
        "order": 1,
        "disp": true,
        "width": 15,
        "collapse": false
    },
    {
        "id": "17d09b07.741a55",
        "type": "ui_tab",
        "name": "Home",
        "icon": "dashboard",
        "disabled": false,
        "hidden": false
    },
    {
        "id": "22293a40.207896",
        "type": "ui_base",
        "theme": {
            "name": "theme-light",
            "lightTheme": {
                "default": "#0094CE",
                "baseColor": "#0094CE",
                "baseFont": "-apple-system,BlinkMacSystemFont,Segoe UI,Roboto,Oxygen-Sans,Ubuntu,Cantarell,Helvetica Neue,sans-serif",
                "edited": false
            },
            "darkTheme": {
                "default": "#097479",
                "baseColor": "#097479",
                "baseFont": "-apple-system,BlinkMacSystemFont,Segoe UI,Roboto,Oxygen-Sans,Ubuntu,Cantarell,Helvetica Neue,sans-serif",
                "edited": false
            },
            "customTheme": {
                "name": "Untitled Theme 1",
                "default": "#4B7930",
                "baseColor": "#4B7930",
                "baseFont": "-apple-system,BlinkMacSystemFont,Segoe UI,Roboto,Oxygen-Sans,Ubuntu,Cantarell,Helvetica Neue,sans-serif"
            },
            "themeState": {
                "base-color": {
                    "default": "#0094CE",
                    "value": "#0094CE",
                    "edited": false
                },
                "page-titlebar-backgroundColor": {
                    "value": "#0094CE",
                    "edited": false
                },
                "page-backgroundColor": {
                    "value": "#fafafa",
                    "edited": false
                },
                "page-sidebar-backgroundColor": {
                    "value": "#ffffff",
                    "edited": false
                },
                "group-textColor": {
                    "value": "#1bbfff",
                    "edited": false
                },
                "group-borderColor": {
                    "value": "#ffffff",
                    "edited": false
                },
                "group-backgroundColor": {
                    "value": "#ffffff",
                    "edited": false
                },
                "widget-textColor": {
                    "value": "#111111",
                    "edited": false
                },
                "widget-backgroundColor": {
                    "value": "#0094ce",
                    "edited": false
                },
                "widget-borderColor": {
                    "value": "#ffffff",
                    "edited": false
                },
                "base-font": {
                    "value": "-apple-system,BlinkMacSystemFont,Segoe UI,Roboto,Oxygen-Sans,Ubuntu,Cantarell,Helvetica Neue,sans-serif"
                }
            },
            "angularTheme": {
                "primary": "indigo",
                "accents": "blue",
                "warn": "red",
                "background": "grey"
            }
        },
        "site": {
            "name": "Node-RED Dashboard",
            "hideToolbar": "false",
            "allowSwipe": "false",
            "lockMenu": "false",
            "allowTempTheme": "true",
            "dateFormat": "DD/MM/YYYY",
            "sizes": {
                "sx": 48,
                "sy": 48,
                "gx": 6,
                "gy": 6,
                "cx": 6,
                "cy": 6,
                "px": 0,
                "py": 0
            }
        }
    },
    {
        "id": "c1acda2b90587bcb",
        "type": "exe-config",
        "name": "Counter",
        "exefile": "C:\\Users\\salim\\STM32CubeIDE\\workspace_1.10.1\\PRELAB_1\\Debug\\PRELAB_1.elf",
        "exefolder": "C:\\Users\\salim\\STM32CubeIDE\\workspace_1.10.1\\PRELAB_1\\Debug",
        "exevariablelist": [
            {
                "address": "0x2000001c",
                "name": "wait_counter",
                "type": 5,
                "checked": true
            }
        ],
        "expand": false,
        "filename": "PRELAB_1.elf",
        "exeModifiedTime": 1664882107361,
        "configLastUpdate": 1664882511642
    },
    {
        "id": "3c5ffe0d.9063b2",
        "type": "switch",
        "z": "8381c865.236028",
        "name": "filter variable",
        "property": "payload.variablename",
        "propertyType": "msg",
        "rules": [
            {
                "t": "eq",
                "v": "varfilter",
                "vt": "env"
            }
        ],
        "checkall": "true",
        "repair": false,
        "outputs": 1,
        "x": 170,
        "y": 60,
        "wires": [
            [
                "4e5ba7a5.14dec8"
            ]
        ]
    },
    {
        "id": "4e5ba7a5.14dec8",
        "type": "change",
        "z": "8381c865.236028",
        "name": "keep only table of duplets",
        "rules": [
            {
                "t": "set",
                "p": "payload",
                "pt": "msg",
                "to": "payload.variabledata",
                "tot": "msg"
            }
        ],
        "action": "",
        "property": "",
        "from": "",
        "to": "",
        "reg": false,
        "x": 430,
        "y": 60,
        "wires": [
            [
                "42bc6ed.5b20d9"
            ]
        ]
    },
    {
        "id": "42bc6ed.5b20d9",
        "type": "split",
        "z": "8381c865.236028",
        "name": "Split a table[1..n] of duplets in n msg of single duplet",
        "splt": "\\n",
        "spltType": "str",
        "arraySplt": 1,
        "arraySpltType": "len",
        "stream": false,
        "addname": "",
        "x": 800,
        "y": 60,
        "wires": [
            [
                "8b8ddb84.6fb208"
            ]
        ]
    },
    {
        "id": "8b8ddb84.6fb208",
        "type": "delay",
        "z": "8381c865.236028",
        "name": "",
        "pauseType": "rate",
        "timeout": "5",
        "timeoutUnits": "seconds",
        "rate": "10",
        "nbRateUnits": "1",
        "rateUnits": "second",
        "randomFirst": "1",
        "randomLast": "5",
        "randomUnits": "seconds",
        "drop": true,
        "outputs": 1,
        "x": 200,
        "y": 140,
        "wires": [
            [
                "66397fd3.d8111"
            ]
        ]
    },
    {
        "id": "66397fd3.d8111",
        "type": "change",
        "z": "8381c865.236028",
        "name": "keep only value and delete timestamp",
        "rules": [
            {
                "t": "set",
                "p": "payload",
                "pt": "msg",
                "to": "payload.y",
                "tot": "msg"
            }
        ],
        "action": "",
        "property": "",
        "from": "",
        "to": "",
        "reg": false,
        "x": 490,
        "y": 140,
        "wires": [
            []
        ]
    },
    {
        "id": "1ebbb430.dac7dc",
        "type": "ui_chartst",
        "z": "7b9ed63e.2138f8",
        "group": "f9c34dde.1e2f4",
        "name": "myChart",
        "order": 4,
        "width": 15,
        "height": 9,
        "chartType": "line",
        "curveType": "linear",
        "duration": "10",
        "ymin": "",
        "ymax": "",
        "x": 580,
        "y": 280,
        "wires": []
    },
    {
        "id": "6013fb0b.5b7504",
        "type": "acquisition out",
        "z": "7b9ed63e.2138f8",
        "name": "myProbe_Out",
        "probeconfig": "",
        "x": 540,
        "y": 100,
        "wires": []
    },
    {
        "id": "4a573fb0.4bc99",
        "type": "acquisition in",
        "z": "7b9ed63e.2138f8",
        "name": "myProbe_In",
        "probeconfig": "",
        "x": 130,
        "y": 280,
        "wires": [
            [
                "a7c3e070.5a6c"
            ],
            []
        ]
    },
    {
        "id": "d59587ff.cd1748",
        "type": "variables",
        "z": "7b9ed63e.2138f8",
        "groupname": "myVariables",
        "accesspoint": 0,
        "execonfig": "c1acda2b90587bcb",
        "variablelist": [],
        "triggerstartmode": "manual",
        "triggername": "wait_counter",
        "triggerthreshold": "30000",
        "frequency": "",
        "frequencyType": "0",
        "snapshotheader": "",
        "mode": "direct",
        "lastImportedTime": 1664882512024,
        "openStatus": true,
        "x": 330,
        "y": 120,
        "wires": [
            [
                "6013fb0b.5b7504"
            ],
            [
                "f14d0398.f1861"
            ]
        ]
    },
    {
        "id": "fc00295e.79ada8",
        "type": "ui_button",
        "z": "7b9ed63e.2138f8",
        "name": "",
        "group": "f9c34dde.1e2f4",
        "order": 3,
        "width": 5,
        "height": 1,
        "passthru": false,
        "label": "Clear Graphs",
        "tooltip": "",
        "color": "",
        "bgcolor": "",
        "icon": "",
        "payload": "",
        "payloadType": "str",
        "topic": "clear",
        "x": 430,
        "y": 380,
        "wires": [
            [
                "1ebbb430.dac7dc"
            ]
        ]
    },
    {
        "id": "5fd51c96.2330e4",
        "type": "ui_button",
        "z": "7b9ed63e.2138f8",
        "name": "",
        "group": "f9c34dde.1e2f4",
        "order": 1,
        "width": 5,
        "height": 1,
        "passthru": false,
        "label": "START Acquisition",
        "tooltip": "",
        "color": "",
        "bgcolor": "",
        "icon": "",
        "payload": "",
        "payloadType": "str",
        "topic": "start",
        "x": 110,
        "y": 80,
        "wires": [
            [
                "d59587ff.cd1748"
            ]
        ]
    },
    {
        "id": "52eadfe3.2c8cc",
        "type": "ui_button",
        "z": "7b9ed63e.2138f8",
        "name": "",
        "group": "f9c34dde.1e2f4",
        "order": 2,
        "width": 5,
        "height": 1,
        "passthru": true,
        "label": "STOP Acquisition",
        "tooltip": "",
        "color": "",
        "bgcolor": "",
        "icon": "",
        "payload": "",
        "payloadType": "str",
        "topic": "stop",
        "x": 110,
        "y": 160,
        "wires": [
            [
                "d59587ff.cd1748"
            ]
        ]
    },
    {
        "id": "a7c3e070.5a6c",
        "type": "processing",
        "z": "7b9ed63e.2138f8",
        "groupname": "myVariables",
        "groupid": "d59587ff.cd1748",
        "expressions": [],
        "statistics": [],
        "logmode": "no",
        "x": 390,
        "y": 280,
        "wires": [
            [
                "1ebbb430.dac7dc"
            ],
            []
        ]
    },
    {
        "id": "f14d0398.f1861",
        "type": "ui_toast",
        "z": "7b9ed63e.2138f8",
        "position": "top right",
        "displayTime": "3",
        "highlight": "",
        "sendall": true,
        "outputs": 0,
        "ok": "OK",
        "cancel": "",
        "raw": false,
        "topic": "",
        "name": "",
        "x": 530,
        "y": 160,
        "wires": []
    }
]